State,City,Year,Population,ViolentCrime,Murder,Rape,Robbery
ALABAMA,HUNTSVILLE4,2019,196620,872,12,79,159
ALABAMA,TUSCALOOSA,2018,101764,253,3,20,71
ALABAMA,TUSCALOOSA,2019,101764,311,4,18,92
ARIZONA,CHANDLER,2018,255986,287,1,74,62
ARIZONA,CHANDLER,2019,255986,295,2,63,55
ARIZONA,GILBERT,2018,247463,132,1,49,15
ARIZONA,GILBERT,2019,247463,116,0,27,21
ARIZONA,GLENDALE,2018,249799,594,7,69,171
ARIZONA,GLENDALE,2019,249799,384,8,29,122
ARIZONA,MESA,2018,504873,967,10,143,192
ARIZONA,MESA,2019,504873,969,4,133,177
ARIZONA,PEORIA,2018,170177,201,2,33,29
ARIZONA,PEORIA,2019,170177,219,1,49,52
ARIZONA,PHOENIX,2018,1653080,6118,67,566,1438
ARIZONA,PHOENIX,2019,1653080,5659,70,550,1564
ARIZONA,SCOTTSDALE,2018,254961,211,7,53,52
ARIZONA,SCOTTSDALE,2019,254961,200,3,59,52
ARIZONA,SURPRISE,2018,136611,67,3,10,20
ARIZONA,SURPRISE,2019,136611,83,2,15,32
ARIZONA,TEMPE,2018,188543,448,3,75,97
ARIZONA,TEMPE,2019,188543,430,3,66,103
ARIZONA,TUCSON,2018,537392,2027,26,255,670
ARIZONA,TUCSON,2019,537392,1936,27,264,560
ARKANSAS,LITTLE ROCK,2018,199288,1336,19,121,150
ARKANSAS,LITTLE ROCK,2019,199288,1464,20,105,170
CALIFORNIA,ANAHEIM,2018,354743,578,2,70,195
CALIFORNIA,ANAHEIM,2019,354743,497,6,49,174
CALIFORNIA,ANTIOCH,2018,112956,283,1,24,102
CALIFORNIA,ANTIOCH,2019,112956,290,5,28,108
CALIFORNIA,BAKERSFIELD,2018,385609,911,18,60,402
CALIFORNIA,BAKERSFIELD,2019,385609,862,18,57,367
CALIFORNIA,BERKELEY,2018,123735,270,1,31,167
CALIFORNIA,BERKELEY,2019,123735,283,0,25,174
CALIFORNIA,BURBANK,2018,105041,129,0,7,48
CALIFORNIA,BURBANK,2019,105041,87,1,7,34
CALIFORNIA,CARLSBAD,2018,116739,115,1,19,23
CALIFORNIA,CARLSBAD,2019,116739,129,2,28,17
CALIFORNIA,CHULA VISTA,2018,274370,406,4,43,114
CALIFORNIA,CHULA VISTA,2019,274370,396,2,21,122
CALIFORNIA,CLOVIS,2018,111759,106,1,23,15
CALIFORNIA,CLOVIS,2019,111759,125,0,25,16
CALIFORNIA,CONCORD,2018,130855,246,1,27,103
CALIFORNIA,CONCORD,2019,130855,237,1,34,102
CALIFORNIA,CORONA,2018,170041,127,4,27,49
CALIFORNIA,CORONA,2019,170041,125,3,31,45
CALIFORNIA,COSTA MESA,2018,114358,170,3,35,59
CALIFORNIA,COSTA MESA,2019,114358,134,0,16,51
CALIFORNIA,DALY CITY,2018,107928,113,2,18,45
CALIFORNIA,DALY CITY,2019,107928,122,0,26,47
CALIFORNIA,DOWNEY,2018,113277,174,3,7,83
CALIFORNIA,DOWNEY,2019,113277,177,3,15,77
CALIFORNIA,EL CAJON,2018,104497,246,2,20,86
CALIFORNIA,EL CAJON,2019,104497,273,2,18,94
CALIFORNIA,EL MONTE,2018,116464,181,2,12,78
CALIFORNIA,EL MONTE,2019,116464,138,1,15,63
CALIFORNIA,ELK GROVE,2018,174651,198,0,16,40
CALIFORNIA,ELK GROVE,2019,174651,172,0,18,62
CALIFORNIA,ESCONDIDO,2018,153073,237,1,28,71
CALIFORNIA,ESCONDIDO,2019,153073,260,3,22,70
CALIFORNIA,FAIRFIELD,2018,117883,335,2,53,89
CALIFORNIA,FAIRFIELD,2019,117883,222,2,27,72
CALIFORNIA,FONTANA,2018,213964,331,5,27,94
CALIFORNIA,FONTANA,2019,213964,337,4,38,90
CALIFORNIA,FREMONT,2018,238024,274,1,32,115
CALIFORNIA,FREMONT,2019,238024,198,1,13,82
CALIFORNIA,FRESNO,2018,531818,1489,18,93,473
CALIFORNIA,FRESNO,2019,531818,1394,23,74,378
CALIFORNIA,FULLERTON,2018,141132,174,0,27,66
CALIFORNIA,FULLERTON,2019,141132,150,1,38,44
CALIFORNIA,GARDEN GROVE,2018,174661,266,2,28,90
CALIFORNIA,GARDEN GROVE,2019,174661,241,1,24,86
CALIFORNIA,GLENDALE,2018,204724,83,0,16,24
CALIFORNIA,GLENDALE,2019,204724,111,4,9,44
CALIFORNIA,HAYWARD,2018,162881,330,0,55,170
CALIFORNIA,HAYWARD,2019,162881,265,2,28,128
CALIFORNIA,HUNTINGTON BEACH,2018,203428,218,0,41,59
CALIFORNIA,HUNTINGTON BEACH,2019,203428,169,0,29,44
CALIFORNIA,INGLEWOOD,2018,110726,349,7,27,156
CALIFORNIA,INGLEWOOD,2019,110726,352,1,30,189
CALIFORNIA,IRVINE,2018,288052,82,0,22,22
CALIFORNIA,IRVINE,2019,288052,87,0,25,32
CALIFORNIA,JURUPA VALLEY,2018,107605,134,5,8,45
CALIFORNIA,JURUPA VALLEY,2019,107605,152,4,3,43
CALIFORNIA,LANCASTER,2018,160818,586,4,49,142
CALIFORNIA,LANCASTER,2019,160818,703,6,43,192
CALIFORNIA,LONG BEACH,2018,470445,1702,11,107,527
CALIFORNIA,LONG BEACH,2019,470445,1164,13,122,455
CALIFORNIA,LOS ANGELES,2018,4029741,14709,132,1324,5139
CALIFORNIA,LOS ANGELES,2019,4029741,14236,127,1097,4779
CALIFORNIA,MODESTO,2018,215822,963,8,47,204
CALIFORNIA,MODESTO,2019,215822,890,8,40,216
CALIFORNIA,MORENO VALLEY,2018,209145,396,7,17,141
CALIFORNIA,MORENO VALLEY,2019,209145,390,4,10,137
CALIFORNIA,MURRIETA,2018,114706,49,2,5,18
CALIFORNIA,MURRIETA,2019,114706,34,0,9,10
CALIFORNIA,NORWALK,2018,106158,219,5,4,61
CALIFORNIA,NORWALK,2019,106158,212,2,13,63
CALIFORNIA,OAKLAND,2018,430230,2675,32,214,1220
CALIFORNIA,OAKLAND,2019,430230,2700,40,192,1337
CALIFORNIA,OCEANSIDE,2018,177464,309,3,33,72
CALIFORNIA,OCEANSIDE,2019,177464,319,2,43,78
CALIFORNIA,ONTARIO,2018,177542,314,5,57,109
CALIFORNIA,ONTARIO,2019,177542,329,4,54,109
CALIFORNIA,ORANGE,2018,141108,91,2,1,44
CALIFORNIA,ORANGE,2019,141108,87,1,6,39
CALIFORNIA,OXNARD,2018,211737,427,8,32,195
CALIFORNIA,OXNARD,2019,211737,368,7,29,144
CALIFORNIA,PALMDALE,2018,158177,325,3,22,84
CALIFORNIA,PALMDALE,2019,158177,331,5,27,105
CALIFORNIA,PASADENA,2018,143448,236,2,21,75
CALIFORNIA,PASADENA,2019,143448,329,1,21,78
CALIFORNIA,POMONA,2018,153496,442,8,44,180
CALIFORNIA,POMONA,2019,153496,450,8,48,154
CALIFORNIA,RIALTO,2018,104173,243,2,26,87
CALIFORNIA,RIALTO,2019,104173,253,4,28,78
CALIFORNIA,RICHMOND,2018,110982,509,7,13,191
CALIFORNIA,RICHMOND,2019,110982,533,7,21,149
CALIFORNIA,RIVERSIDE,2018,331022,801,9,73,271
CALIFORNIA,RIVERSIDE,2019,331022,861,5,50,231
CALIFORNIA,ROSEVILLE,2018,137706,125,2,15,60
CALIFORNIA,ROSEVILLE,2019,137706,100,2,14,38
CALIFORNIA,SACRAMENTO,2018,507037,1606,17,54,491
CALIFORNIA,SACRAMENTO,2019,507037,1561,18,54,515
CALIFORNIA,SALINAS,2018,158590,484,9,54,156
CALIFORNIA,SALINAS,2019,158590,426,1,37,147
CALIFORNIA,SAN BERNARDINO,2018,217986,1422,21,87,462
CALIFORNIA,SAN BERNARDINO,2019,217986,1373,20,81,452
CALIFORNIA,SAN DIEGO,2018,1436495,2630,18,310,653
CALIFORNIA,SAN DIEGO,2019,1436495,2558,19,263,672
CALIFORNIA,SAN FRANCISCO,2018,889282,3060,21,185,1521
CALIFORNIA,SAN FRANCISCO,2019,889282,2711,20,167,1356
CALIFORNIA,SAN JOSE,2018,1047305,2077,15,257,788
CALIFORNIA,SAN JOSE,2019,1047305,2237,17,311,665
CALIFORNIA,SAN MATEO,2018,105839,136,0,6,40
CALIFORNIA,SAN MATEO,2019,105839,141,2,26,35
CALIFORNIA,SANTA CLARA,2018,128682,103,0,26,36
CALIFORNIA,SANTA CLARA,2019,128682,115,0,23,36
CALIFORNIA,SANTA CLARITA,2018,216589,169,3,23,54
CALIFORNIA,SANTA CLARITA,2019,216589,114,0,22,42
CALIFORNIA,SANTA ROSA,2018,176325,389,3,81,64
CALIFORNIA,SANTA ROSA,2019,176325,418,2,73,61
CALIFORNIA,SIMI VALLEY,2018,127222,110,0,25,31
CALIFORNIA,SIMI VALLEY,2019,127222,72,0,7,20
CALIFORNIA,STOCKTON,2018,313158,2045,15,93,559
CALIFORNIA,STOCKTON,2019,313158,2244,23,104,531
CALIFORNIA,SUNNYVALE,2018,155637,116,0,23,37
CALIFORNIA,SUNNYVALE,2019,155637,127,0,18,40
CALIFORNIA,TEMECULA,2018,116411,65,0,0,29
CALIFORNIA,TEMECULA,2019,116411,87,0,2,44
CALIFORNIA,THOUSAND OAKS,2018,129319,51,2,13,13
CALIFORNIA,THOUSAND OAKS,2019,129319,41,0,13,11
CALIFORNIA,TORRANCE,2018,146968,124,1,11,55
CALIFORNIA,TORRANCE,2019,146968,151,3,16,67
CALIFORNIA,VACAVILLE,2018,101146,131,0,10,38
CALIFORNIA,VACAVILLE,2019,101146,157,2,20,40
CALIFORNIA,VALLEJO,2018,122974,474,4,42,170
CALIFORNIA,VALLEJO,2019,122974,483,5,50,171
CALIFORNIA,VENTURA,2018,111272,223,1,31,48
CALIFORNIA,VENTURA,2019,111272,243,1,38,57
CALIFORNIA,VISALIA,2018,134224,226,1,55,67
CALIFORNIA,VISALIA,2019,134224,259,1,53,83
CALIFORNIA,VISTA,2018,102742,155,1,21,41
CALIFORNIA,VISTA,2019,102742,191,1,21,48
CALIFORNIA,WEST COVINA,2018,107806,128,0,7,72
CALIFORNIA,WEST COVINA,2019,107806,139,2,12,66
COLORADO,ARVADA,2018,120631,127,0,30,16
COLORADO,ARVADA,2019,120631,134,1,21,25
COLORADO,AURORA,2018,372824,1295,10,200,294
COLORADO,AURORA,2019,372824,1290,12,216,290
COLORADO,BOULDER,2018,108380,127,0,19,12
COLORADO,BOULDER,2019,108380,127,0,14,23
COLORADO,CENTENNIAL,2018,111646,97,1,21,8
COLORADO,CENTENNIAL,2019,111646,66,0,6,6
COLORADO,COLORADO SPRINGS,2018,471124,1334,12,245,278
COLORADO,COLORADO SPRINGS,2019,471124,1249,10,192,193
COLORADO,DENVER,2018,720745,2537,34,374,575
COLORADO,DENVER,2019,720745,2452,28,333,554
COLORADO,FORT COLLINS,2018,168163,187,1,17,17
COLORADO,FORT COLLINS,2019,168163,160,1,17,17
COLORADO,GREELEY,2018,107325,210,1,44,30
COLORADO,GREELEY,2019,107325,190,1,34,36
COLORADO,THORNTON,2018,139697,192,1,64,45
COLORADO,THORNTON,2019,139697,172,0,49,30
COLORADO,WESTMINSTER,2018,113751,174,7,30,41
COLORADO,WESTMINSTER,2019,113751,134,1,24,36
CONNECTICUT,BRIDGEPORT,2018,146819,474,5,34,146
CONNECTICUT,BRIDGEPORT,2019,146819,400,9,40,155
CONNECTICUT,HARTFORD,2018,123117,681,13,24,179
CONNECTICUT,HARTFORD,2019,123117,505,11,12,105
CONNECTICUT,STAMFORD,2018,132007,107,2,13,26
CONNECTICUT,STAMFORD,2019,132007,107,2,11,38
CONNECTICUT,WATERBURY,2018,108378,241,3,32,97
CONNECTICUT,WATERBURY,2019,108378,143,1,20,56
FLORIDA,BOCA RATON,2018,100162,96,0,17,30
FLORIDA,BOCA RATON,2019,100162,92,0,20,34
FLORIDA,CAPE CORAL,2018,187869,123,0,6,28
FLORIDA,CAPE CORAL,2019,187869,105,1,2,16
FLORIDA,CLEARWATER,2018,116504,267,2,53,59
FLORIDA,CLEARWATER,2019,116504,219,0,25,48
FLORIDA,CORAL SPRINGS,2018,134640,82,0,14,29
FLORIDA,CORAL SPRINGS,2019,134640,94,0,24,29
FLORIDA,DAVIE,2018,107120,137,0,16,35
FLORIDA,DAVIE,2019,107120,126,1,9,29
FLORIDA,FORT LAUDERDALE,2018,182150,505,11,33,162
FLORIDA,FORT LAUDERDALE,2019,182150,591,9,49,225
FLORIDA,GAINESVILLE,2018,133400,501,4,74,113
FLORIDA,GAINESVILLE,2019,133400,445,1,80,81
FLORIDA,HIALEAH,2018,241778,281,1,18,84
FLORIDA,HIALEAH,2019,241778,262,1,12,78
FLORIDA,HOLLYWOOD,2018,155503,189,4,12,56
FLORIDA,HOLLYWOOD,2019,155503,205,5,22,69
FLORIDA,JACKSONVILLE,2018,903213,2766,55,289,674
FLORIDA,JACKSONVILLE,2019,903213,3070,62,250,605
FLORIDA,LAKELAND,2018,109616,159,3,45,32
FLORIDA,LAKELAND,2019,109616,186,3,32,51
FLORIDA,MIAMI,2018,473047,1419,27,56,396
FLORIDA,MIAMI,2019,473047,1443,27,67,400
FLORIDA,MIAMI GARDENS,2018,114670,437,12,8,116
FLORIDA,MIAMI GARDENS,2019,114670,403,17,9,114
FLORIDA,MIRAMAR,2018,143103,163,3,15,47
FLORIDA,MIRAMAR,2019,143103,147,2,17,35
FLORIDA,ORLANDO,2018,286679,1059,22,83,313
FLORIDA,ORLANDO,2019,286679,1016,10,109,236
FLORIDA,PALM BAY,2018,112902,216,2,35,19
FLORIDA,PALM BAY,2019,112902,195,1,37,27
FLORIDA,PEMBROKE PINES,2018,173053,157,1,14,31
FLORIDA,PEMBROKE PINES,2019,173053,179,5,20,31
FLORIDA,POMPANO BEACH,2018,112045,430,1,47,139
FLORIDA,POMPANO BEACH,2019,112045,428,5,40,155
FLORIDA,PORT ST. LUCIE,2018,193137,100,2,16,16
FLORIDA,PORT ST. LUCIE,2019,193137,144,2,24,20
FLORIDA,ST. PETERSBURG,2018,265942,760,12,65,187
FLORIDA,ST. PETERSBURG,2019,265942,734,7,69,160
FLORIDA,TALLAHASSEE,2018,192443,674,5,112,133
FLORIDA,TALLAHASSEE,2019,192443,613,10,89,105
FLORIDA,TAMPA,2018,392945,786,10,39,153
FLORIDA,TAMPA,2019,392945,799,14,57,132
FLORIDA,WEST PALM BEACH,2018,111659,538,16,46,183
FLORIDA,WEST PALM BEACH,2019,111659,430,10,34,172
GEORGIA,ATLANTA,2018,496106,1947,42,128,557
GEORGIA,ATLANTA,2019,496106,2004,47,116,520
GEORGIA,SANDY SPRINGS,2018,108654,61,2,6,23
GEORGIA,SANDY SPRINGS,2019,108654,72,0,5,17
GEORGIA,SAVANNAH-CHATHAM METROPOLITAN,2018,242265,459,12,55,122
GEORGIA,SAVANNAH-CHATHAM METROPOLITAN,2019,242265,576,13,48,121
HAWAII,HONOLULU,2018,982019,1253,10,201,414
HAWAII,HONOLULU,2019,982019,1298,11,182,462
IDAHO,BOISE,2018,229265,315,1,97,19
IDAHO,BOISE,2019,229265,293,1,72,15
IDAHO,MERIDIAN,2018,103774,90,0,25,9
IDAHO,MERIDIAN,2019,103774,73,4,16,4
ILLINOIS,AURORA,2018,201364,267,2,33,47
ILLINOIS,AURORA,2019,201364,219,9,24,42
ILLINOIS,CHICAGO,2018,2719151,13044,257,886,4626
ILLINOIS,CHICAGO,2019,2719151,12136,239,866,3657
ILLINOIS,ELGIN,2018,113060,118,2,21,28
ILLINOIS,ELGIN,2019,113060,84,0,14,33
ILLINOIS,JOLIET,2018,148553,233,3,20,64
ILLINOIS,JOLIET,2019,148553,353,11,25,43
ILLINOIS,NAPERVILLE5,2018,148457,71,1,13,11
ILLINOIS,NAPERVILLE5,2019,148457,67,1,9,7
ILLINOIS,PEORIA,2018,112595,418,10,33,79
ILLINOIS,PEORIA,2019,112595,496,12,36,106
ILLINOIS,ROCKFORD,2018,146198,983,11,66,151
ILLINOIS,ROCKFORD,2019,146198,803,9,55,115
ILLINOIS,SPRINGFIELD,2018,114623,451,8,35,86
ILLINOIS,SPRINGFIELD,2019,114623,420,7,58,90
INDIANA,EVANSVILLE,2018,118765,324,7,41,78
INDIANA,EVANSVILLE,2019,118765,351,7,45,74
INDIANA,FORT WAYNE,2018,267634,509,23,71,149
INDIANA,FORT WAYNE,2019,267634,506,12,79,178
INDIANA,SOUTH BEND,2018,102397,465,5,34,139
INDIANA,SOUTH BEND,2019,102397,598,8,26,127
KANSAS,WICHITA,2018,391726,2361,24,201,274
KANSAS,WICHITA,2019,391726,2035,13,177,203
KENTUCKY,LEXINGTON,2018,325579,504,17,118,229
KENTUCKY,LEXINGTON,2019,325579,395,10,79,156
LOUISIANA,BATON ROUGE,2018,224790,1025,44,46,335
LOUISIANA,BATON ROUGE,2019,224790,1094,28,24,316
LOUISIANA,LAFAYETTE,2018,127592,359,3,14,87
LOUISIANA,LAFAYETTE,2019,127592,330,9,7,63
LOUISIANA,NEW ORLEANS5,2018,396374,2244,90,338,612
LOUISIANA,NEW ORLEANS5,2019,396374,2325,58,359,502
LOUISIANA,SHREVEPORT,2018,190808,805,17,68,168
LOUISIANA,SHREVEPORT,2019,190808,728,15,70,142
MARYLAND,BALTIMORE5,2018,605436,5143,133,188,2318
MARYLAND,BALTIMORE5,2019,605436,5252,158,175,2217
MASSACHUSETTS,BOSTON,2018,694673,2129,26,133,601
MASSACHUSETTS,BOSTON,2019,694673,1937,22,113,440
MASSACHUSETTS,CAMBRIDGE,2018,114881,151,0,11,44
MASSACHUSETTS,CAMBRIDGE,2019,114881,157,1,7,21
MASSACHUSETTS,LOWELL,2018,111989,157,3,8,48
MASSACHUSETTS,LOWELL,2019,111989,204,2,10,40
MASSACHUSETTS,SPRINGFIELD,2018,155179,762,10,54,237
MASSACHUSETTS,SPRINGFIELD,2019,155179,628,7,35,158
MASSACHUSETTS,WORCESTER,2018,186188,645,1,31,151
MASSACHUSETTS,WORCESTER,2019,186188,544,3,19,104
MICHIGAN,ANN ARBOR,2018,122571,132,2,32,17
MICHIGAN,ANN ARBOR,2019,122571,153,2,41,23
MICHIGAN,CLINTON TOWNSHIP,2018,101279,157,1,32,8
MICHIGAN,CLINTON TOWNSHIP,2019,101279,123,0,17,11
MICHIGAN,DETROIT,2018,671275,6290,127,494,1116
MICHIGAN,DETROIT,2019,671275,5956,116,449,990
MICHIGAN,LANSING,2018,117380,658,2,73,86
MICHIGAN,LANSING,2019,117380,642,3,63,75
MICHIGAN,STERLING HEIGHTS,2018,133055,127,1,21,8
MICHIGAN,STERLING HEIGHTS,2019,133055,68,0,13,7
MICHIGAN,WARREN,2018,135160,336,0,66,58
MICHIGAN,WARREN,2019,135160,340,1,39,42
MINNESOTA,MINNEAPOLIS6,2018,428261,1733,14,237,575
MINNESOTA,MINNEAPOLIS6,2019,428261,1697,14,224,512
MINNESOTA,ROCHESTER6,2018,117037,125,4,39,19
MINNESOTA,ROCHESTER6,2019,117037,100,0,26,17
MINNESOTA,ST. PAUL,2018,309756,907,4,139,258
MINNESOTA,ST. PAUL,2019,309756,783,11,105,243
MISSISSIPPI,JACKSON7,2018,166024,,46,,202
MISSISSIPPI,JACKSON7,2019,166024,,48,,203
MISSOURI,COLUMBIA,2018,123586,179,3,45,38
MISSOURI,COLUMBIA,2019,123586,188,6,33,37
MISSOURI,INDEPENDENCE6,2018,117368,248,9,27,50
MISSOURI,INDEPENDENCE6,2019,117368,339,0,53,52
MISSOURI,SPRINGFIELD,2018,168537,1013,4,162,136
MISSOURI,SPRINGFIELD,2019,168537,1316,7,191,149
MISSOURI,ST. LOUIS,2018,306875,2724,85,151,652
MISSOURI,ST. LOUIS,2019,306875,2750,92,115,680
MONTANA,BILLINGS,2018,110397,273,1,29,53
MONTANA,BILLINGS,2019,110397,359,6,36,46
NEBRASKA,LINCOLN,2018,288589,510,2,142,67
NEBRASKA,LINCOLN,2019,288589,509,2,156,73
NEBRASKA,OMAHA,2018,469351,1259,14,215,187
NEBRASKA,OMAHA,2019,469351,1378,9,199,233
NEVADA,HENDERSON,2018,309586,267,4,34,93
NEVADA,HENDERSON,2019,309586,238,6,36,79
NEVADA,LAS VEGAS METROPOLITAN POLICE DEPARTMENT,2018,1644390,5129,68,766,1367
NEVADA,LAS VEGAS METROPOLITAN POLICE DEPARTMENT,2019,1644390,4397,40,713,1094
NEVADA,NORTH LAS VEGAS,2018,246951,1148,13,74,202
NEVADA,NORTH LAS VEGAS,2019,246951,1312,9,72,214
NEVADA,RENO,2018,252341,759,2,89,140
NEVADA,RENO,2019,252341,739,6,76,149
NEVADA,SPARKS,2018,102354,245,1,30,54
NEVADA,SPARKS,2019,102354,246,0,45,44
NEW HAMPSHIRE,MANCHESTER,2018,111422,322,0,35,65
NEW HAMPSHIRE,MANCHESTER,2019,111422,303,3,29,65
NEW JERSEY,EDISON TOWNSHIP,2018,101309,52,1,2,18
NEW JERSEY,EDISON TOWNSHIP,2019,101309,40,1,4,8
NEW JERSEY,ELIZABETH,2018,129080,395,3,23,156
NEW JERSEY,ELIZABETH,2019,129080,438,3,31,173
NEW JERSEY,JERSEY CITY,2018,270175,535,7,39,198
NEW JERSEY,JERSEY CITY,2019,270175,623,4,40,169
NEW JERSEY,LAKEWOOD TOWNSHIP,2018,102915,48,0,1,5
NEW JERSEY,LAKEWOOD TOWNSHIP,2019,102915,62,1,5,17
NEW JERSEY,NEWARK,2018,282258,999,36,74,331
NEW JERSEY,NEWARK,2019,282258,883,29,62,311
NEW JERSEY,PATERSON,2018,146893,494,4,24,229
NEW JERSEY,PATERSON,2019,146893,569,4,28,218
NEW JERSEY,WOODBRIDGE TOWNSHIP,2018,100884,64,0,4,15
NEW JERSEY,WOODBRIDGE TOWNSHIP,2019,100884,65,0,5,12
NEW MEXICO,ALBUQUERQUE,2018,560235,3905,40,248,1050
NEW MEXICO,ALBUQUERQUE,2019,560235,3284,41,235,690
NEW MEXICO,LAS CRUCES,2018,102203,194,3,18,19
NEW MEXICO,LAS CRUCES,2019,102203,256,6,36,23
NEW YORK,AMHERST TOWN,2018,121343,79,0,12,25
NEW YORK,AMHERST TOWN,2019,121343,55,1,6,20
NEW YORK,BUFFALO,2018,258219,1289,24,92,416
NEW YORK,BUFFALO,2019,258219,1115,17,62,316
NEW YORK,NEW YORK,2018,8523171,22436,156,1451,6223
NEW YORK,NEW YORK,2019,8523171,22216,142,1391,5838
NEW YORK,ROCHESTER,2018,207701,744,15,66,239
NEW YORK,ROCHESTER,2019,207701,705,14,48,191
NEW YORK,SYRACUSE,2018,143129,409,13,43,107
NEW YORK,SYRACUSE,2019,143129,542,10,53,109
NEW YORK,YONKERS,2018,202827,371,1,16,108
NEW YORK,YONKERS,2019,202827,323,3,24,77
"NORTH CAROLINA 5, 6, 8",CARY,2018,170518,,0,,22
"NORTH CAROLINA 5, 6, 8",CARY,2019,170518,56,0,6,19
"NORTH CAROLINA 5, 6, 8",CHARLOTTE-MECKLENBURG5,2018,931235,,28,,833
"NORTH CAROLINA 5, 6, 8",CHARLOTTE-MECKLENBURG5,2019,931235,3319,53,134,851
"NORTH CAROLINA 5, 6, 8",DURHAM,2018,273759,,13,,276
"NORTH CAROLINA 5, 6, 8",DURHAM,2019,273759,965,22,64,299
"NORTH CAROLINA 5, 6, 8",FAYETTEVILLE5,2018,210117,,9,,98
"NORTH CAROLINA 5, 6, 8",FAYETTEVILLE5,2019,210117,866,11,53,120
"NORTH CAROLINA 5, 6, 8",GREENSBORO,2018,293298,,23,,259
"NORTH CAROLINA 5, 6, 8",GREENSBORO,2019,293298,1259,21,50,309
"NORTH CAROLINA 5, 6, 8",HIGH POINT5,2018,112526,,8,,54
"NORTH CAROLINA 5, 6, 8",HIGH POINT5,2019,112526,353,10,20,47
"NORTH CAROLINA 5, 6, 8",WILMINGTON,2018,120920,,4,,65
"NORTH CAROLINA 5, 6, 8",WILMINGTON,2019,120920,373,3,29,51
NORTH DAKOTA,FARGO,2018,124906,246,3,53,33
NORTH DAKOTA,FARGO,2019,124906,281,3,62,42
OHIO,AKRON,2018,197690,756,12,112,170
OHIO,AKRON,2019,197690,895,14,72,159
OHIO,CINCINNATI5,2018,301952,1148,34,155,417
OHIO,CINCINNATI5,2019,301952,1192,24,129,375
OHIO,CLEVELAND,2018,384666,3019,40,256,1068
OHIO,CLEVELAND,2019,384666,2703,35,220,843
OHIO,COLUMBUS5,2018,892576,2202,60,461,879
OHIO,COLUMBUS5,2019,892576,2122,49,372,823
OHIO,DAYTON,2018,140094,670,16,88,206
OHIO,DAYTON,2019,140094,630,10,93,151
OHIO,"TOLEDO5, 9",2018,275023,1093,23,106,285
OHIO,"TOLEDO5, 9",2019,275023,1183,16,91,290
OKLAHOMA,BROKEN ARROW,2018,109663,69,1,30,6
OKLAHOMA,BROKEN ARROW,2019,109663,71,0,19,13
OKLAHOMA,NORMAN,2018,124577,172,2,42,25
OKLAHOMA,NORMAN,2019,124577,162,0,39,22
OKLAHOMA,OKLAHOMA CITY6,2018,652936,2708,34,264,491
OKLAHOMA,OKLAHOMA CITY6,2019,652936,2290,31,212,437
OKLAHOMA,TULSA,2018,403147,1993,21,192,366
OKLAHOMA,TULSA,2019,403147,1993,29,160,333
OREGON,EUGENE,2018,170771,322,1,65,93
OREGON,EUGENE,2019,170771,304,2,62,79
OREGON,GRESHAM,2018,111797,218,0,34,53
OREGON,GRESHAM,2019,111797,227,1,40,54
OREGON,HILLSBORO,2018,109121,168,0,38,36
OREGON,HILLSBORO,2019,109121,136,0,41,28
OREGON,PORTLAND10,2018,657260,1707,10,245,526
OREGON,PORTLAND10,2019,657260,1736,16,188,470
OREGON,SALEM,2018,172022,398,2,35,99
OREGON,SALEM,2019,172022,312,0,17,66
PENNSYLVANIA,ALLENTOWN,2018,121743,187,4,25,81
PENNSYLVANIA,ALLENTOWN,2019,121743,230,4,32,76
PENNSYLVANIA,PHILADELPHIA,2018,1586916,6956,148,536,2481
PENNSYLVANIA,PHILADELPHIA,2019,1586916,7224,163,494,2576
PENNSYLVANIA,PITTSBURGH,2018,302544,827,30,54,329
PENNSYLVANIA,PITTSBURGH,2019,302544,784,18,83,274
RHODE ISLAND,PROVIDENCE,2018,180169,428,5,62,119
RHODE ISLAND,PROVIDENCE,2019,180169,384,5,51,96
SOUTH CAROLINA,CHARLESTON,2018,137092,176,4,19,34
SOUTH CAROLINA,CHARLESTON,2019,137092,254,4,24,41
SOUTH CAROLINA,COLUMBIA,2018,133540,524,7,54,104
SOUTH CAROLINA,COLUMBIA,2019,133540,467,11,35,106
SOUTH DAKOTA,SIOUX FALLS,2018,180335,371,3,51,54
SOUTH DAKOTA,SIOUX FALLS,2019,180335,352,0,38,24
TENNESSEE,CHATTANOOGA,2018,180397,919,8,78,168
TENNESSEE,CHATTANOOGA,2019,180397,918,11,78,98
TENNESSEE,CLARKSVILLE,2018,156264,510,12,55,64
TENNESSEE,CLARKSVILLE,2019,156264,460,6,39,48
TENNESSEE,KNOXVILLE,2018,188653,798,16,71,153
TENNESSEE,KNOXVILLE,2019,188653,630,10,88,120
TENNESSEE,MEMPHIS,2018,652226,6085,76,254,1410
TENNESSEE,MEMPHIS,2019,652226,6238,90,216,1150
TENNESSEE,METROPOLITAN NASHVILLE POLICE DEPARTMENT,2018,686492,3683,40,232,944
TENNESSEE,METROPOLITAN NASHVILLE POLICE DEPARTMENT,2019,686492,3404,30,204,923
TENNESSEE,MURFREESBORO,2018,140702,322,7,46,56
TENNESSEE,MURFREESBORO,2019,140702,269,1,31,48
TEXAS,ABILENE,2018,122480,272,2,60,38
TEXAS,ABILENE,2019,122480,252,2,44,35
TEXAS,ALLEN,2018,103168,60,0,18,11
TEXAS,ALLEN,2019,103168,48,0,11,10
TEXAS,AMARILLO,2018,201082,786,5,106,136
TEXAS,AMARILLO,2019,201082,767,7,90,134
TEXAS,ARLINGTON,2018,400920,918,4,116,187
TEXAS,ARLINGTON,2019,400920,957,8,116,184
TEXAS,AUSTIN6,2018,973344,1915,16,407,515
TEXAS,AUSTIN6,2019,973344,1899,13,281,437
TEXAS,BEAUMONT,2018,119368,636,5,54,173
TEXAS,BEAUMONT,2019,119368,588,8,41,141
TEXAS,BROWNSVILLE,2018,184461,313,2,12,75
TEXAS,BROWNSVILLE,2019,184461,368,0,0,69
TEXAS,CARROLLTON,2018,138216,93,2,26,29
TEXAS,CARROLLTON,2019,138216,97,1,15,37
TEXAS,COLLEGE STATION,2018,116565,114,1,29,15
TEXAS,COLLEGE STATION,2019,116565,120,1,23,22
TEXAS,CORPUS CHRISTI6,2018,328614,1214,14,147,239
TEXAS,CORPUS CHRISTI6,2019,328614,1220,11,126,229
TEXAS,DALLAS,2018,1362465,4763,81,434,1744
TEXAS,DALLAS,2019,1362465,5801,109,395,2188
TEXAS,DENTON,2018,139262,203,2,59,46
TEXAS,DENTON,2019,139262,191,1,69,44
TEXAS,EL PASO,2018,688442,1247,6,202,180
TEXAS,EL PASO,2019,688442,1200,9,175,176
TEXAS,FRISCO,2018,187889,90,1,28,11
TEXAS,FRISCO,2019,187889,78,1,25,15
TEXAS,GARLAND,2018,239577,333,7,52,119
TEXAS,GARLAND,2019,239577,354,10,68,121
TEXAS,GRAND PRAIRIE,2018,196535,241,3,48,64
TEXAS,GRAND PRAIRIE,2019,196535,216,4,33,75
TEXAS,HOUSTON5,2018,2344966,12194,139,609,4415
TEXAS,HOUSTON5,2019,2344966,11832,129,609,4309
TEXAS,IRVING,2018,243940,242,6,32,98
TEXAS,IRVING,2019,243940,292,2,23,158
TEXAS,KILLEEN,2018,148007,292,3,67,79
TEXAS,KILLEEN,2019,148007,296,5,59,61
TEXAS,LAREDO6,2018,264214,443,6,77,76
TEXAS,LAREDO6,2019,264214,451,2,55,84
TEXAS,LEAGUE CITY,2018,108275,44,1,19,9
TEXAS,LEAGUE CITY,2019,108275,63,1,27,6
TEXAS,LUBBOCK,2018,257372,1235,5,114,229
TEXAS,LUBBOCK,2019,257372,1261,7,134,234
TEXAS,MCALLEN,2018,144363,57,0,20,14
TEXAS,MCALLEN,2019,144363,76,0,19,18
TEXAS,MCKINNEY,2018,189555,160,0,35,46
TEXAS,MCKINNEY,2019,189555,133,1,32,20
TEXAS,MESQUITE,2018,144558,313,4,29,109
TEXAS,MESQUITE,2019,144558,335,5,26,110
TEXAS,MIDLAND,2018,140072,179,3,34,25
TEXAS,MIDLAND,2019,140072,201,2,35,20
TEXAS,ODESSA,2018,119545,536,3,48,50
TEXAS,ODESSA,2019,119545,603,3,72,55
TEXAS,PASADENA6,2018,154101,355,3,56,90
TEXAS,PASADENA6,2019,154101,393,1,44,85
TEXAS,PEARLAND,2018,124179,70,0,11,15
TEXAS,PEARLAND,2019,124179,52,3,16,20
TEXAS,RICHARDSON6,2018,119480,67,2,5,25
TEXAS,RICHARDSON6,2019,119480,84,1,12,31
TEXAS,ROUND ROCK,2018,127354,79,1,20,13
TEXAS,ROUND ROCK,2019,127354,77,1,10,28
TEXAS,SAN ANGELO,2018,101084,198,1,52,24
TEXAS,SAN ANGELO,2019,101084,176,4,30,13
TEXAS,SAN ANTONIO,2018,1539328,4916,58,680,873
TEXAS,SAN ANTONIO,2019,1539328,5171,53,717,926
TEXAS,TYLER,2018,106159,178,0,32,28
TEXAS,TYLER,2019,106159,191,0,33,22
TEXAS,WACO,2018,138091,376,2,56,57
TEXAS,WACO,2019,138091,377,5,52,53
TEXAS,WICHITA FALLS,2018,104738,199,4,45,67
TEXAS,WICHITA FALLS,2019,104738,186,3,48,34
UTAH,PROVO,2018,117986,115,1,42,9
UTAH,PROVO,2019,117986,74,1,26,5
UTAH,SALT LAKE CITY,2018,202633,718,3,125,201
UTAH,SALT LAKE CITY,2019,202633,673,7,119,191
UTAH,WEST JORDAN,2018,115392,130,0,24,26
UTAH,WEST JORDAN,2019,115392,112,0,13,11
UTAH,WEST VALLEY,2018,137132,488,6,93,79
UTAH,WEST VALLEY,2019,137132,474,4,88,71
VIRGINIA,ALEXANDRIA,2018,162588,125,1,16,36
VIRGINIA,ALEXANDRIA,2019,162588,137,1,7,44
VIRGINIA,CHESAPEAKE,2018,242310,506,1,55,70
VIRGINIA,CHESAPEAKE,2019,242310,524,3,51,76
VIRGINIA,NEWPORT NEWS,2018,178734,445,16,49,100
VIRGINIA,NEWPORT NEWS,2019,178734,472,8,27,78
VIRGINIA,NORFOLK,2018,244347,554,20,63,144
VIRGINIA,NORFOLK,2019,244347,601,13,70,140
VIRGINIA,ROANOKE,2018,100042,208,5,26,53
VIRGINIA,ROANOKE,2019,100042,209,6,28,45
VIRGINIA,VIRGINIA BEACH,2018,451001,275,6,36,89
VIRGINIA,VIRGINIA BEACH,2019,451001,250,15,42,87
WASHINGTON,BELLEVUE,2018,146913,95,0,14,34
WASHINGTON,BELLEVUE,2019,146913,107,1,15,36
WASHINGTON,EVERETT,2018,111091,182,1,23,50
WASHINGTON,EVERETT,2019,111091,168,4,20,38
WASHINGTON,KENT,2018,129870,238,4,47,101
WASHINGTON,KENT,2019,129870,221,1,45,101
WASHINGTON,SPOKANE,2018,218222,814,4,190,109
WASHINGTON,SPOKANE,2019,218222,761,2,125,136
WISCONSIN,GREEN BAY,2018,105281,247,1,43,25
WISCONSIN,GREEN BAY,2019,105281,242,2,35,27
WISCONSIN,MADISON,2018,258455,501,2,57,90
WISCONSIN,MADISON,2019,258455,434,0,49,97
WISCONSIN,MILWAUKEE,2018,595619,4190,53,284,1080
WISCONSIN,MILWAUKEE,2019,595619,3429,44,169,761
